spot;probability
0&0;0.999673
4&8;2.47611e-33
190&8;1.75162e-43
319&8;7.66791e-42
861&8;0.000326709
