spot;probability
0&0;0.999447
4&8;4.75083e-37
190&8;2.10615e-40
319&8;0
861&8;0.000552931
