spot;probability
0&0;0.777388
34&8;1.82581e-05
1282&8;1.07376e-07
1495&8;0
1856&8;8.97837e-05
2183&8;0
2833&8;0.222509
