spot;probability
0&0;0.999037
340&8;0.000963393
