spot;probability
0&0;0.999774
340&8;0.000225518
