spot;probability
0&0;0.993816
34&8;1.85635e-35
1282&8;0
1495&8;0
1856&8;1.79266e-05
2183&8;0
2833&8;0.0061662
