spot;probability
0&0;0.937286
61&8;0.00012039
591&8;0.0625914
1305&8;1.9704e-06
