spot;probability
0&0;0.954319
343&8;0.0456817
