spot;probability
0&0;0.906149
343&8;0.093851
