spot;probability
0&0;0.993137
61&8;4.40726e-05
591&8;0.00681862
1305&8;6.40244e-07
